23005926,Reva Buchau,CS
52849215,Hye Barneto,CS
86148916,Noumidia Birkhofen,CS
14204987,Alec Gerez,CS
83473288,Mansata Avdakov,CS
91226949,Nesrin Chamudes,DS
21890259,Mohtar Ciobotaru,CS
85366116,Patrici Declerck,CS
85708096,Sanela Jagich,CS
78690652,Jonny Barrajon,DS
49212873,Assetou Eretzky,CS
97194511,Viktor Burk,CS
14203885,Widad Demenigo,CS
90639505,Galin Driml,CS
59799399,Vali Gedecke,DS
46864832,Hermelando Barbas,CS
65001584,Consolacio Gudovsky,DS
47573068,Katixa Astyrev,DS
77723668,Inssaf Englschall,DS
12552863,Coleman Avalos,DS
81284874,Preciosa Geitel,CS
34393459,Leena Galstyan,CS
84953668,Ezekiel Belikin,DS
11894067,Dilson Ballaschk,CS
48796136,Chan Dannhauser,CS
98438959,Esmail Kirchgassner,DS
52897709,Lohizune Chang,CS
96561060,Ahlem Gruen,DS
36662071,Arnoldo Hary,CS
20613484,Mariami Delius,DS
10148300,Lalit Deryagin,CS
41254341,Leeann Englschalk,CS
50896868,Frode Callaghan,DS
32250985,Yongping Endter,DS
58562548,Meagan Espelta,CS
97422696,Serine Horbrand,DS
23311369,Margarette Eldridge,CS
20357979,Lupu Bradley,CS
98057539,Creuza Kivel,CS
64951597,Aichata Ale,CS
56890584,Atanaska Boongard,CS
36613336,Leovigilda Acharki,DS
93436240,Oumnia Gasho,CS
35127174,Petro Adno,CS
21554434,Hanana Arcozelo,CS
88772251,Abdessamed Elifiario,DS
84045309,Sandalio Hopfengart,DS
87035787,Aliaksandra Blaschkes,DS
69952980,Saloum Avdonin,CS
51087778,Estephania Castellani,CS
89078875,Jassim Guignard,CS
41843387,Julud Andechaga,CS
14315744,Olguita Dunkelau,DS
19801204,Chelsey Isgro,CS
89008049,Adelina Abzgildin,CS
57841024,Natale Feinstein,CS
52533035,Immacolata Aljaro,DS
89201715,Amra Eigelshoven,CS
63030233,Naiane Katy,CS
82171111,Corey Kaglantge,DS
